character,Instagram,LinkedIn,SnapChat,Twitter,Whatsapp/Wechat,youtube,OTT,Reddit,How you felt the entire week?
masinl,3.50,4.00,1.00,5.00,1.00,2.50,14.50,2.50,3
peace,7.73,5.20,3.68,0.00,4.18,4.25,0.00,0.00,3
Patty,3.77,7.00,0.53,0.00,9.83,1.85,2.00,0.00,4
Bunny,5.38,5.32,1.30,0.00,5.30,2.00,2.00,0.00,4
tl868,12.00,0.58,0.00,0.67,3.00,3.50,2.00,1.00,3
drphy,2.33,7.00,0.47,0.00,12.00,7.00,3.00,0.00,5
trave,5.37,4.00,0.00,0.00,6.00,3.00,0.00,0.00,4
19!@s,7.00,4.00,3.00,0.00,10.00,2.00,3.00,0.00,4
yh2020,8.65,10.00,3.83,0.00,6.15,4.00,3.00,0.00,3
ds2134,0.17,0.00,0.00,0.00,1.00,3.00,0.00,0.00,2
ki567,4.58,2.13,0.42,2.42,1.00,1.00,0.00,0.00,4
ak2001,3.33,2.50,0.33,2.83,3.67,2.50,1.50,0.00,3
Harvey,5.30,1.52,14.87,0.00,4.02,0.54,0.51,0.01,4
hahah,6.00,3.00,1.00,1.00,3.42,2.50,1.00,0.00,3
AKIRA,4.65,3.75,1.42,0.00,6.50,3.13,1.92,7.00,3
vp1234,7.00,5.00,0.42,0.00,5.00,5.00,1.00,0.50,5
sss32,9.80,0.80,0.00,0.27,13.35,3.53,1.68,0.00,3
MVA37@S,6.80,1.92,1.87,0.00,6.95,0.80,2.47,0.00,3
2134,5.67,3.92,0.00,0.00,8.92,5.15,0.00,0.00,3
15801,15.02,3.95,7.32,0.00,15.35,5.17,10.00,0.00,3
Baiqi,0.33,0.52,0.00,0.00,8.38,0.00,0.00,0.00,3
